{
  "name": "Iryna Gurevych",
  "homepage": "https://www.ukp.tu-darmstadt.de/people/group-heads/prof-dr-iryna-gurevych",
  "status": "success",
  "content": "Team – UKP – TU Darmstadt People at UKP Name Contact Head Prof. Dr. Iryna GurevychHead of UKP Labiryna.gurevych@tu-...+49 6151 16-25290S2|02 B110 Photo Name Contact Administration Sebastian AllesSystem administratorsebastian.alles@tu-...+49 6151 16-25298S2|02 B118 Luisa LutschSystem administrator traineeluisa.lutsch@tu-...+49 6151 16-25298S2|02 B118 Elisabeth Niemann M.Sc.Project managerelisabeth.niemann@tu-...+49 6151 16-25292S2|02 B107 Gabriele NiemannOffice assistantgabriele.niemann@tu-...+49 6151 16-25291S2|02 B108 Ilyas Özşen PhDScience communication officerilyas.oezsen@tu-...+49 6151 16-25292S2|02 B107 Associated Senior Staff Simone Balloccu PhDIndependent Group Leadersimone.balloccu@tu-...S2|02 D205 Prof. Dr. Ivan HabernalProfessorivan.habernal@rub.de Dr. Ing. Nils ReimersCo-Supervisorinfo@nils-reimers.de UKP – Darmstadt - Postdoctoral Researcher Dr.-Ing. Hiba ArnaoutPostdoctoral researcherhiba.arnaout@tu-...+49 6151 16-23192S2|02 B102 Dr. rer. nat. Thomas ArnoldPostdoctoral researcherthomas_otmar.arnold@tu-...+49 6151 16-25292S2|02 B107 Subhabrata Dutta PhDPostdoctoral researchersubhabrata.dutta@tu-...+49 6151 16-25293S2|02 B113 Dr.-Ing. Richard Eckart de CastilhoPostdoctoral researcherrichard.eckart_de_castilho@tu-... Dr. rer. nat. Ilia KuznetsovPostdoctoral researcherilia.kuznetsov@tu-...+49 6151 16-25294S2|02 B104 Yu Mao PhD Jingcheng Niu PhDPostdoctoral Researcherjingcheng.niu@tu-...S2|02 A013 UKP – Darmstadt – Doctoral Researcher Osama Mohammed Afzal M.Sc.Doctoral Researcherosama.afzal@tu-...S2|02 B212 Serwar Basch M.Sc.Doctoral researcherserwar.basch@tu-...+49 6151 16-25298S2|02 B117 Luke Bates M.A.Doctoral researcherluke.bates@tu-...+49 6151 16-25281S2|02 A013 Tim Baumgärtner M.Sc.Doctoral researchertim.baumgaertner@tu-...+49 6151 16-25293S2|02 B113 Jan Buchmann M.Sc.Doctoral researcherjan.buchmann@tu-...+49 6151 16-25294S2|02 B104 Nico Daheim M.Sc.Doctoral researchernico.daheim@tu-...+49 6151 16-20661S2|02 B212 Nils Dycke M.Sc.Doctoral researchernils.dycke@tu-...+49 6151 16-25296S2|02 B115 Justus-Jonas Erker M.Sc.Doctoral Researcherjustus-jonas.erker@tu-...+49 6151 16-25294S2|02 B104 Haishuo Fang M.Sc.Doctoral researcherhaishuo.fang@tu-...S2|02 D219 Anmol Goel M.Sc.Doctoral researcheranmol.goel@tu-...S2|02 D219 Falko Helm M.Sc.Doctoral Researcherfalko.helm@tu-...+49 6151 16-25294S2|02 B104 Phu Gia Hoang M.Sc.Doctoral researcherphugia.hoang@tu-... Jannik Holmer M.Sc.jannik.holmer@tu-...S2|02 B106 Dasha Hryhoryeva M.Sc. Yongxin Huang M.Sc.Doctoral researcheryongxin.huang@tu-...+49 6151 16-20661S2|02 B212 Cecilia Liu M.Sc.Doctoral researcherchen.liu@tu-...+49 6151 16-25281S2|02 A013 Sheng Lu M.Sc.Doctoral researchersheng.lu@tu-...+49 6151 16-25298S2|02 B117 Alireza Makou M.Sc.Doctoral researcheralireza.makou@tu-... Aishik Mandal M.Sc.Doctoral researcheraishik.mandal@tu-...S2|02 D219 Haritz Puerto M.Sc.Doctoral researcherharitz.puerto@tu-...+49 6151 16-25293S2|02 B113 Sukannya Purkayastha M.Sc.Doctoral researchersukannya.purkayastha@tu-...+49 6151 16-25281S2|02 A013 Imbesat Hassan Rizvi M.Sc.Doctoral researcherimbesat.rizvi@tu-...+49 6151 16-25296S2|02 B115 Qian Ruan M.Sc.Doctoral researcherqian.ruan1@tu-...+49 6151 16-21677S2|02 B106 Furkan Şahinuç M.Sc.Doctoral Researcherfurkan.sahinuc@tu-...+49 6151 16-21677S2|02 B106 Shivam Sharma (Junior) M.Sc.Doctoral Researchershivam.sharma1@tu-...S2|02 B113 Bhavyajeet Singh M.Sc. Hassan Soliman M.Sc.Doctoral Researcherhassan.soliman@tu-...S2|02 A013 Hovhannes Tamoyan M.Sc.Doctoral researcherhovhannes.tamoya@tu-...+49 6151 16-23192S2|02 B102 Federico Tiblias M.Sc.Doctoral researcherfederico.tiblias@tu-...S2|02 D219 Jonathan Tonglet M.Sc.Doctoral researcherjonathan.tonglet@tu-...+49 6151 16-20661S2|02 B212 Yiwei Wang M.A.Doctoral researcheryiwei.wang@tu-...S2|02 B102 Arda Yüksel M.Sc.Doctoral Researcherarda.yueksel@tu-...S2|02 B212 Dennis Zyska M.Sc.Doctoral researcherdennis.zyska@tu-...+49 6151 16-25297S2|02 B111 UKP – INSAIT Federico MARCUZZI PhDPostdoctoral researcherfederico.marcuzzi@insait.ai German Ortiz M.Sc.Doctoral Researchergerman.ortiz@insait.ai Vatsal Venkatkrishna M.Sc.Doctoral researchervatsal.venkatkrishna@insait.ai Associated PhD Students Fengyu Cai M.Sc.Associated PhD studentfengyu.cai@tu-...S2|02 D017 Andreas Waldis M.Sc.Associated PhD studentwaldis@ukp.tu-... Project Staff Rohan Nayak M.Sc.rohan.nayak@tu-...S2|02 Go to top We would like to customise the information and usability of this website to your preferences and needs. To this end, we use so-called cookies. Please choose which cookies you would like to enable when visiting our webpages. Some of these cookies are required to load and correctly display this website on your device. These are strictly necessary or essential cookies and cannot be deselected. The preferences cookie saves your language setting, while the statistics cookie regulates how the open-source statistical software “Matomo” analyses your visits to and activities on our website. For more information about cookies we use, please refer to our privacy policy. Strictly necessary only Preferences Statistics Accept all Save & close Legal note",
  "content_length": 5123,
  "method": "requests",
  "crawl_time": "2025-12-01 13:23:58"
}